ID,Category,Title,Objective,When to use,Inputs,Prompt,Output format,Tip,Pairs with
SET-01,Setup & Foundations,Business brief builder,Create a one-page description of your business that you reuse as context in every other prompt.,Do this once when you start using AI for client admin; update it when your services or policies change.,None: the AI interviews you,"Help me write a one-page ""business brief"" I can give an AI assistant before asking for help with client admin. Interview me with one question at a time (wait for each answer) covering: what I do and for whom; my 2–4 core services and typical project size; how I like to work (communication hours, response times, meeting preferences); my payment terms and policies; phrases or promises I never want used; and three examples of great client outcomes (described generally, no client names). When we're done, output the brief in this format: ## Who I am, ## Services, ## Ideal clients, ## How I work, ## Policies, ## Tone and words to avoid. Keep it under 450 words.","A Markdown document with six headed sections, under 450 words.","Save the result in your assistant's custom instructions or project knowledge, or paste it at the start of each chat.","SET-02, SET-04"
SET-02,Setup & Foundations,Voice profile from writing samples,"Capture how you write so AI drafts sound like you, not like a generic assistant.",After the business brief; refresh every few months.,"[NUMBER]: how many samples you're providing (3–5) | [PASTE 3–5 REDACTED EMAILS]: emails you're happy with, names removed","Below are [NUMBER] emails I wrote to clients (names removed). Analyze my writing style and produce a ""voice profile"" I can reuse in future prompts. Include: typical sentence length; greeting and sign-off habits; level of formality (1–5); words and phrases I use often; things I never do (e.g., exclamation marks, emojis, corporate phrases); how I deliver bad news; and 3 short ""do this / not that"" examples. Keep it under 250 words and don't invent traits that aren't in the samples.
""""""[PASTE 3–5 REDACTED EMAILS]""""""",A short profile (≤250 words) with bullet points and 3 do/don't examples.,"Choose emails that cover different situations (good news, a delay, a follow-up) so the profile is well-rounded.",SET-01
SET-03,Setup & Foundations,Redaction check before pasting,Catch client names and sensitive details before you share text with an AI tool.,"While you're building the redaction habit, or on long documents such as transcripts and threads.",[PASTE TEXT]: the text you plan to use,"I'm about to paste text into an AI assistant. Act as a careful privacy reviewer. Scan the text between the triple quotes and list every item that could identify a person or company or expose sensitive data (names, emails, phone numbers, addresses, account numbers, prices tied to named clients, health/legal/HR details, passwords or links with tokens). Then return a redacted version that replaces each item with a clear placeholder like [CLIENT NAME] or [INVOICE AMOUNT]. Don't change anything else.
""""""[PASTE TEXT]""""""",1) A bulleted list of sensitive items found. 2) The full redacted text.,"Running this inside the same assistant means the text has already been shared, so use it on text you've already partly redacted, or on non-confidential material while you learn.",SET-01
SET-04,Setup & Foundations,Custom instructions writer,Turn your business brief and voice profile into compact standing instructions for your AI assistant.,"When your assistant has a ""custom instructions"", ""project instructions"" or ""personalization"" field with a character limit.","[BUSINESS BRIEF] | [VOICE PROFILE] | [CHARACTER LIMIT]: e.g., 1,500 characters","Using my business brief and voice profile below, write standing instructions for my AI assistant in under [CHARACTER LIMIT] characters. Split them into two parts: (1) ""What you should know about me"" (business facts, services, policies) and (2) ""How you should respond"" (tone, format preferences, rules). Always include these rules: never invent prices, dates or facts about clients; mark missing information as [NEED INFO]; keep client emails under 200 words unless I ask otherwise; suggest one clarifying question when my request is ambiguous. Count the characters and confirm the total.
Business brief: """"""[BUSINESS BRIEF]""""""
Voice profile: """"""[VOICE PROFILE]""""""",Two labeled blocks of plain text plus a character count.,"Test the instructions with one real task (e.g., LEAD-01) and tweak.","SET-01, SET-02"
SET-05,Setup & Foundations,Service menu clarifier,"Describe each of your services clearly, with who it's for, what's included, and what's not.",Before writing proposals or a services page; when clients keep misunderstanding what you offer.,[SERVICES]: rough notes on each service | [IDEAL CLIENT],"I'm a [PROFESSION] serving [IDEAL CLIENT]. Here are rough notes about my services: """"""[SERVICES]"""""". For each service, produce: a plain-language name; a one-sentence promise focused on the client's outcome; who it's for and not for; what's included (bullets); what's not included (bullets); typical timeline; what I need from the client. Keep prices exactly as I wrote them; if I didn't give a price, write [PRICE]. Then point out any overlaps or gaps between services that could confuse a buyer.","One block per service with consistent headings, then a short ""overlaps and gaps"" list.","Reuse the ""not included"" bullets in your proposals (PROP-06).","PROP-06, MKT-05"
SET-06,Setup & Foundations,Client FAQ builder,Build a set of answers to the questions clients ask again and again.,When you notice you're typing the same explanations; before creating an onboarding packet.,[REPEATED QUESTIONS]: questions clients often ask | [BUSINESS BRIEF],"Using my business brief """"""[BUSINESS BRIEF]"""""", draft clear answers to these frequently asked client questions: """"""[REPEATED QUESTIONS]"""""". For each: a direct answer in 2–4 sentences in my voice, any policy it depends on, and where the answer should live (proposal, welcome email, onboarding doc, website FAQ). If my brief doesn't contain the information needed, write [NEED INFO: what's missing] instead of guessing. Add up to 5 more questions clients in my field commonly ask that I haven't listed.","A table with columns Question, Answer, Depends on, Where it lives; then a list of suggested extra questions.",Paste the finished FAQ into your onboarding document and link it in your welcome email.,ONB-04
SET-07,Setup & Foundations,Communication policy writer,"Write a friendly, clear policy for response times, channels, meetings and feedback rounds.","Before onboarding new clients, or when boundaries have been slipping.","[WORKING HOURS] | [RESPONSE TIME] | [CHANNELS]: e.g., email for decisions, Slack for quick questions | [FEEDBACK ROUNDS]","Write a short ""How we'll work together"" section for my client onboarding materials. Details: working hours [WORKING HOURS]; typical response time [RESPONSE TIME]; channels [CHANNELS]; meetings [MEETING PREFERENCES]; feedback process [FEEDBACK ROUNDS]; urgent issues [HOW TO FLAG URGENT]. Make it warm and confident, not defensive. Explain the reason behind each norm in one short clause (e.g., ""so nothing gets lost""). Under 200 words, using bullets.","A heading plus 5–7 bullets, under 200 words.",Put this in your welcome email (ONB-01) and your onboarding document.,"ONB-01, ONB-04"
SET-08,Setup & Foundations,Tool stack audit,"Find overlapping or unused software and decide what to keep, replace or cancel.","Quarterly, or when subscription costs creep up.","[TOOL LIST]: tool, what I use it for, monthly cost, how often I use it","Here is the list of software tools I pay for or rely on in my one-person business: """"""[TOOL LIST]"""""". Analyze it and produce: (1) overlaps: tools doing the same job; (2) tools I barely use relative to their cost; (3) jobs that seem to have no tool or rely on manual work; (4) a recommendation for each tool: Keep, Downgrade, Replace with [free option I already have], or Cancel, with one-line reasoning. Don't recommend new paid tools unless a gap clearly justifies it, and say what the free alternative is. Finish with the total monthly cost before and after your recommendations, based only on the prices I gave.","Four short sections, then a table (Tool, Recommendation, Reason, Monthly cost), then before/after totals.",Check cancellation terms and data export before cancelling anything.,OPS-07
LEAD-01,Leads & Inquiries,Reply to a new inquiry,Answer a new inquiry quickly and qualify the lead.,"Within one business day of any new inquiry by email, form or DM.",[BUSINESS BRIEF] and [VOICE PROFILE] | [PASTE INQUIRY] | [BOOKING LINK],"Here is my business brief and voice profile: [PASTE]. A potential client sent this inquiry (redacted): """"""[PASTE INQUIRY]"""""". Draft a reply under 150 words that: thanks them and references one specific detail from their message; answers any direct question they asked (if I haven't given you the answer, write [NEED INFO] instead of guessing); asks the 2–3 most useful qualifying questions for my services; and ends with my booking link [BOOKING LINK]. Match my voice profile. Don't mention prices unless they asked and my brief includes them.","A ready-to-edit email with subject line, under 150 words.",Save your best version as an email template and only use AI for the personalized first two lines.,"LEAD-02, DISC-01"
LEAD-02,Leads & Inquiries,Lead fit scorecard,Decide quickly whether a lead is a good fit before investing time.,"When an inquiry is vague, oddly sized or outside your usual work.",[IDEAL CLIENT CRITERIA] | [LEAD INFO]: inquiry + anything you know,"My ideal client criteria: """"""[IDEAL CLIENT CRITERIA]"""""". Here's what I know about a new lead (redacted): """"""[LEAD INFO]"""""". Score the lead from 1–5 on: budget fit, timeline fit, scope fit, decision-maker access, and red flags (5 = no red flags). Explain each score in one line, quoting the evidence. Recommend one of: Book a call, Ask 2 questions first, Refer elsewhere, Politely decline. If there isn't enough information to score a criterion, say ""Unknown"" and give the question that would resolve it.","A 5-row table (Criterion, Score, Evidence) plus a one-line recommendation and up to 3 questions.","This is a thinking aid. You make the final call, and politeness costs nothing even when you decline.","LEAD-01, LEAD-06"
LEAD-03,Leads & Inquiries,Follow up an inquiry that went quiet,"Re-open a conversation with a lead who stopped replying, without pressure.",3–7 days after your last message with no response.,[LAST MESSAGE SUMMARY] | [DAYS SINCE] | [BOOKING LINK],"A potential client stopped replying [DAYS SINCE] days ago. Our last exchange: """"""[LAST MESSAGE SUMMARY]"""""". Write two alternative follow-up emails in my voice [VOICE PROFILE], each under 90 words: Version A adds something useful (a relevant tip, example or resource related to their project, without inventing facts about them); Version B is a simple, friendly check-in that makes it easy to say ""not now"". Neither should guilt-trip or imply urgency that doesn't exist. Include my booking link [BOOKING LINK] once.",Two labeled email drafts with subject lines.,"Send at most two follow-ups, then stop and mark the lead ""cold"" in your tracker.",LEAD-01
LEAD-04,Leads & Inquiries,Referral request to a happy client or peer,"Ask for referrals in a specific, easy-to-act-on way.",After a successful project or a positive comment from a client or peer.,"[RELATIONSHIP]: client or peer, and context | [IDEAL REFERRAL]: who you want to be introduced to","Write a short message asking [RELATIONSHIP] for referrals. Be specific about who I'm looking for: [IDEAL REFERRAL]. Make it easy: include a two-sentence blurb about me that they can forward as-is, and say it's completely fine if nobody comes to mind. Keep it under 120 words, warm and not salesy, in my voice [VOICE PROFILE]. Don't offer a referral fee unless I've specified one here: [REFERRAL INCENTIVE OR ""NONE""].",One message plus a separate forwardable blurb (2 sentences).,"Specific asks (""a physio clinic owner planning a new website"") get more introductions than ""anyone who needs help"".",RET-05
LEAD-05,Leads & Inquiries,Personalized cold outreach (non-spammy),"Write a short, relevant first message to a specific prospect you've researched.","Occasional, targeted outreach to businesses you can genuinely help, not mass email.",[PROSPECT RESEARCH]: public info you gathered | [MY SERVICE] | [OBSERVATION]: one specific thing you noticed,"Draft a first-contact email to a prospect. Public information I gathered: """"""[PROSPECT RESEARCH]"""""". My service: [MY SERVICE]. One specific observation: [OBSERVATION]. Requirements: under 110 words; lead with the observation, framed helpfully rather than as criticism; one sentence on how I've helped similar businesses, described generally with no invented results or client names; a low-friction ask (e.g., ""Would a 3-point audit be useful?""); a line that makes it easy to say no. No flattery clichés, no fake familiarity, no false urgency. Also give 3 subject line options under 7 words.",One email plus three subject lines.,"Follow the anti-spam and consent rules that apply where you and the recipient are, and always honor opt-outs.",LEAD-02
LEAD-06,Leads & Inquiries,Polite decline (with a referral),Turn down a lead gracefully and protect your reputation.,"When the budget, timing or fit is wrong.","[REASON]: budget, timing, scope or fit | [ALTERNATIVE]: who or what might help them instead (optional)","Write a kind, brief email declining a potential project. Reason (for me; share only what's appropriate): [REASON]. If I've provided an alternative, recommend it: [ALTERNATIVE]. Leave the door open for future work if appropriate: [YES/NO]. Under 100 words, no over-apologizing, no vague excuses, in my voice [VOICE PROFILE].",A single short email.,"A good decline often generates referrals later, because people remember being treated well.",LEAD-02
LEAD-07,Leads & Inquiries,Inquiry form questions,Design the questions on your website's inquiry form so leads arrive pre-qualified.,Setting up or improving your contact/inquiry form.,[SERVICES] | [MUST-KNOW INFO]: what you need to qualify a lead,"I offer [SERVICES]. Design an inquiry form with no more than 7 fields that collects what I need to qualify a lead: [MUST-KNOW INFO]. For each field give: the label, field type (short text, dropdown, multiple choice, date, long text), options if applicable, whether it's required, and why it helps. Include a budget question that feels respectful (ranges, including ""Not sure yet""). Finish with the confirmation message the person sees after submitting (under 60 words, telling them when to expect a reply).",A table of fields plus the confirmation message.,Fewer required fields usually means more submissions. Only require what you truly need.,LEAD-01
LEAD-08,Leads & Inquiries,DM reply to a social media inquiry,Respond to a direct message and move the conversation somewhere you can manage it.,"When someone asks about your services in Instagram, LinkedIn or TikTok messages.",[DM TEXT] | [PLATFORM] | [BOOKING LINK or EMAIL],"Someone sent me this message on [PLATFORM]: """"""[DM TEXT]"""""". Write a short, friendly reply (under 60 words) that answers any quick question they asked (use [NEED INFO] if you don't know the answer), shows I read their message, and invites them to continue by email or my booking link [BOOKING LINK or EMAIL] so I can give them proper attention. Casual but professional; match the platform's tone.",One short DM reply.,Log the lead in your tracker as soon as they move to email.,LEAD-01
LEAD-09,Leads & Inquiries,"Waitlist or ""fully booked"" reply",Tell a good-fit lead you're booked up without losing them.,When you're at capacity but want the work later.,"[NEXT AVAILABLE START] | [OPTIONS]: waitlist, smaller interim option, referral","Write a reply to a good-fit potential client explaining that I'm fully booked until [NEXT AVAILABLE START]. Offer these options: [OPTIONS]. Explain the benefit of waiting in one honest sentence (e.g., focused attention), without implying scarcity that isn't real. Ask them to reply with their preferred option. Under 120 words, in my voice [VOICE PROFILE].",One email with a clear choice for the reader.,Add waitlisted leads to your tracker with a next-action date two weeks before your availability.,LEAD-01
LEAD-10,Leads & Inquiries,Lead source analysis,Understand which channels bring your best clients so you invest time wisely.,"Every quarter, using your tracker's Source and Stage columns.","[TRACKER EXPORT]: client, source, stage, value (redacted)","Here's an export of my leads and clients (redacted): """"""[TRACKER EXPORT]"""""". Summarize by source: number of leads, number that became clients, conversion rate, total and average project value. Then highlight: my best source by value, my best by conversion rate, and any source that takes effort but rarely converts. Suggest 2–3 practical adjustments for next quarter. Base everything strictly on the data; if the sample is too small to conclude anything, say so.","A summary table by source, then 3 highlights and 2–3 recommendations.","Small numbers can mislead, so treat the output as a prompt for reflection, not a verdict.",OPS-06
DISC-01,Discovery & Sales Calls,Pre-call questionnaire,Collect key information before a discovery call so the call is more useful.,Sent with the booking confirmation for discovery calls.,[SERVICE] | [CALL LENGTH],"Create a short pre-call questionnaire (5–7 questions) for people booking a [CALL LENGTH]-minute discovery call about [SERVICE]. Questions should uncover goals, current situation, constraints (timeline, budget range, decision-makers) and what success looks like, without feeling like homework. Mark each as required or optional. Add a one-sentence intro explaining why I ask.",An intro line plus a numbered question list with required/optional labels.,Most scheduling tools let you add these questions to the booking page.,DISC-02
DISC-02,Discovery & Sales Calls,Discovery call prep sheet,"Walk into a discovery call prepared, in 10 minutes.",Before any discovery or sales call.,[INQUIRY + ANY PUBLIC INFO ABOUT THEIR BUSINESS] | [SERVICES] | [LENGTH],"I have a discovery call with a potential client. Here is what I know (redacted): """"""[INQUIRY + ANY PUBLIC INFO ABOUT THEIR BUSINESS]"""""". My services: [SERVICES]. Create a one-page call prep sheet with: (1) a 2-sentence summary of what they seem to want; (2) 5 open questions to uncover goals, constraints and decision process; (3) 3 likely objections or risks and how I might address them; (4) what I need to learn to scope the project; (5) a proposed call agenda for [LENGTH] minutes. Flag any assumptions you're making.",A one-page sheet with five numbered sections.,"Print it or keep it beside your call window, and take notes directly under each question.",DISC-05
DISC-03,Discovery & Sales Calls,Discovery call agenda email,Set expectations before the call so it starts focused.,The day before a discovery call.,[CALL DATE/TIME] | [CALL LINK] | [AGENDA POINTS],"Write a brief email confirming our discovery call on [CALL DATE/TIME] ([CALL LINK]). Include a 3–4 point agenda based on [AGENDA POINTS], one thing they could think about beforehand, and a note that it's fine to reschedule if needed. Under 110 words, friendly and organized, in my voice [VOICE PROFILE].",One short confirmation email.,Many scheduling tools can send this automatically. Paste the result into your booking confirmation template.,DISC-02
DISC-04,Discovery & Sales Calls,Qualifying question bank for my niche,"Build a tailored list of questions that reveal fit, budget and urgency.",Once per service; revisit when you change niche.,[PROFESSION] | [TYPICAL CLIENT],"I'm a [PROFESSION] working with [TYPICAL CLIENT]. Write 15 discovery questions grouped under: Goals & success; Current situation; Constraints (timeline, budget, resources); Decision process; Past experience with similar providers. For each, add a one-line note on what a ""good fit"" answer versus a ""warning sign"" answer sounds like. Keep questions open-ended and non-salesy.","Grouped question list, each with good-fit / warning-sign notes.","Use 5–6 of these per call, not all 15.",DISC-02
DISC-05,Discovery & Sales Calls,Call notes → summary + next steps email,Send a clear follow-up the same day as a call.,Immediately after a discovery call.,[NOTES]: redacted notes or transcript | [VOICE PROFILE],"Here are my rough notes from a discovery call (redacted): """"""[NOTES]"""""". Using my voice profile [PASTE], write a follow-up email that: thanks them; summarizes their goals, constraints and timeline in 3–5 bullets using their words where possible; lists open questions; states the next step and date (e.g., ""I'll send a proposal by [DATE]""); and stays under 200 words. After the email, separately list anything in my notes that is ambiguous or that I should clarify before writing a proposal.","One email, then a separate list of ambiguities to clarify.","This summary becomes the input for PROP-01, so write it carefully.",PROP-01
DISC-06,Discovery & Sales Calls,Objection response helper,"Prepare calm, honest responses to common objections.","Before calls, or after an objection you handled poorly.","[OBJECTIONS]: e.g., price, timing, 'we'll do it ourselves' | [SERVICE]","For my [SERVICE], write responses to these objections: [OBJECTIONS]. For each: (1) what the objection often really means; (2) a clarifying question to ask first; (3) a short, honest response that respects their decision; (4) when it's better to agree it's not a fit. No pressure tactics, false scarcity or manipulation.",One block per objection with four labeled parts.,The clarifying question is usually more valuable than the response.,DISC-02
DISC-07,Discovery & Sales Calls,Scope sketch from discovery notes,Turn a messy discovery conversation into a draft scope you can price.,Between the discovery call and writing the proposal.,[DISCOVERY SUMMARY] | [MY SERVICES AND PROCESS],"Based on this discovery summary (redacted) """"""[DISCOVERY SUMMARY]"""""" and my standard process """"""[MY SERVICES AND PROCESS]"""""", sketch a draft scope: phases, deliverables per phase, client inputs required, rough effort per phase (Small / Medium / Large), and risks that could expand scope. List the questions I must answer before pricing. Don't suggest prices.","A phase table (Phase, Deliverables, Client inputs, Effort, Risks) plus a question list.","Price from your own effort estimates and rates, never from AI suggestions.","PROP-01, PROP-06"
DISC-08,Discovery & Sales Calls,Post-call self-review,Improve your discovery calls over time.,"Right after a call, while it's fresh.","[CALL NOTES] | [OUTCOME]: booked, pending, lost","Act as a supportive sales coach. Here are my notes from a discovery call (redacted) and the outcome so far: """"""[CALL NOTES]"""""" / [OUTCOME]. Assess: how well I uncovered goals, constraints and decision process; whether I talked too much (estimate from the notes); what I could have asked; and one thing to do differently next time. Be specific and kind, and base your comments on the notes rather than generic advice.","Four short sections, ending with one clear action for next time.","Keep the ""one thing"" in your Prompt Log notes and track whether you apply it.",DISC-02
PROP-01,Proposals & Pricing,Proposal draft from discovery notes,"Draft a complete, specific proposal from your call summary.","After the discovery follow-up (DISC-05), once you've set your price.",[BUSINESS BRIEF] and [VOICE PROFILE] | [SUMMARY]: discovery call summary (redacted) | [PRICE / OPTIONS I'LL PROVIDE],"Here is my business brief [PASTE], my voice profile [PASTE], and my discovery call summary (redacted): """"""[SUMMARY]"""""". Draft a proposal using this structure: 1) Your situation (3–4 sentences using the client's words), 2) Outcomes (3–5 bullets), 3) Scope (numbered deliverables), 4) Not included (5–8 bullets), 5) Timeline (milestones with client dependencies), 6) Investment: [PRICE / OPTIONS I'LL PROVIDE]. Use exactly my prices and payment terms and don't invent numbers. 7) Next step. Keep it under 700 words, plain language, no buzzwords. Mark anything you had to assume with [CHECK].","A 7-section proposal document, under 700 words, with [CHECK] markers.",Delete any number you didn't provide. Read it aloud once before sending.,"PROP-06, PROP-04, DISC-05"
PROP-02,Proposals & Pricing,Three-option package builder,"Structure good / better / best options so clients choose how, not whether.",When a project could reasonably be delivered at different depths.,[SCOPE SKETCH] | [YOUR PRICES FOR EACH OPTION],"Using this scope sketch """"""[SCOPE SKETCH]"""""", structure three options (Essential, Recommended, Complete). For each: who it suits, what's included, what's excluded, timeline, and the price I set: [YOUR PRICES FOR EACH OPTION]. Make the differences obvious in a comparison table. Explain in one sentence why ""Recommended"" is recommended, based on the client's stated goals only. Don't invent prices or features I didn't list.",A comparison table plus a short description of each option.,Keep options genuinely different. Artificial decoy options erode trust.,PROP-01
PROP-03,Proposals & Pricing,Pricing rationale explainer,Explain your price in terms of value and effort without sounding defensive.,"When a client asks ""why does it cost that much?""",[PRICE] | [WHAT'S INCLUDED] | [CLIENT GOALS],"A client asked why my quote is [PRICE]. What's included: """"""[WHAT'S INCLUDED]"""""". Their goals: """"""[CLIENT GOALS]"""""". Write a calm, confident reply (under 170 words) that: connects the price to the outcomes they want; briefly shows the work involved (phases, not hours, unless I say otherwise); offers a smaller alternative scope if that's appropriate: [SMALLER OPTION OR ""NONE""]. No discounting unless I specify one, no apologizing, no comparisons to named competitors.",One email reply.,"If price is the only concern, offering a reduced scope protects your rate better than a discount.","PROP-02, HARD-01"
PROP-04,Proposals & Pricing,Proposal follow-up sequence,Follow up on a sent proposal politely and consistently.,"Day 3, day 7 and day 14 after sending a proposal.",[PROJECT] | [DATE SENT] | [BOOKING LINK],"I sent a proposal for [PROJECT] on [DATE SENT]. Write three follow-up emails in my voice [VOICE PROFILE]: Day 3 (one or two sentences: any questions?); Day 7 (offer a 15-minute call to walk through options, link [BOOKING LINK]); Day 14 (a gracious close-the-loop message that assumes timing isn't right and leaves the door open). Each under 80 words. No guilt, no fake deadlines.",Three labeled emails with subject lines.,Put the dates in your tracker's next-action column the day you send the proposal.,PROP-01
PROP-05,Proposals & Pricing,Retainer proposal,Propose an ongoing monthly arrangement to an existing client.,When a client keeps coming back with similar requests.,"[HISTORY]: past projects and recurring requests | [RETAINER TERMS I'VE DECIDED]: price, hours or deliverables, notice period","Draft a short retainer proposal (under 300 words) for an existing client. Our history (redacted): """"""[HISTORY]"""""". Terms I've decided: """"""[RETAINER TERMS I'VE DECIDED]"""""". Include: why a retainer suits their pattern of requests; exactly what they get each month; what's excluded; how unused capacity is handled (per my terms); notice period; how to start. Position it as their convenience, not my revenue goal. Use only the terms I provided.",A short proposal with headed sections.,"Base the retainer on real past demand, which the history section should make visible.",PROP-01
PROP-06,Proposals & Pricing,Scope exclusions & assumptions list,Prevent scope creep by stating what's not included.,For every proposal; build a master list once per service.,[PROFESSION] | [DELIVERABLES],"I'm a [PROFESSION] and this project includes: [DELIVERABLES]. List 10 things clients commonly assume are included in this kind of project but often aren't (e.g., extra revision rounds, copywriting, stock photos, hosting, training, ongoing support). For each, write one plain-language line for a ""Not included"" section and, where useful, the add-on I could offer instead. Then list 5 assumptions about the client's responsibilities (content, feedback times, access) that I should state in the proposal.","Two lists, ""Not included"" (10 lines with optional add-ons) and ""Assumptions"" (5 lines).",Keep a master version per service and copy the relevant lines each time.,"PROP-01, DEL-07"
PROP-07,Proposals & Pricing,Timeline with client dependencies,Build a realistic timeline that makes the client's responsibilities visible.,In proposals and kickoff documents.,[START DATE] | [PHASES AND DURATIONS] | [CLIENT INPUTS NEEDED],"Create a project timeline starting [START DATE] from these phases and durations: """"""[PHASES AND DURATIONS]"""""". For each milestone, list what I deliver and what the client must provide, and by when (based on: """"""[CLIENT INPUTS NEEDED]""""""). Add a short note explaining that the timeline shifts if client inputs arrive late, phrased collaboratively. Use calendar dates, skip weekends, and flag any [HOLIDAYS OR BREAKS] I mention.","A table (Milestone, Date, I deliver, You provide by) plus a two-sentence note.",Double-check date arithmetic yourself; AI can miscount days.,"PROP-01, ONB-05"
PROP-08,Proposals & Pricing,Case study summary for proposals (from your notes),"Turn a past project into a short, truthful proof point.",When you want to reference relevant past work in a proposal.,"[PROJECT NOTES]: situation, what you did, result as the client described it | [PERMISSION STATUS]: named / anonymized","Turn these notes about a past project into a 90-word case study for proposals. Notes: """"""[PROJECT NOTES]"""""". Permission: [PERMISSION STATUS]. If anonymized, describe the client generically (e.g., ""a three-location dental practice""). Structure: situation, what I did, outcome. Only state outcomes that appear in my notes, and attribute any numbers to the client (""the client reported…""). Don't embellish.",A 90-word paragraph plus a one-line title.,Ask permission before naming clients or quoting their results.,RET-02
PROP-09,Proposals & Pricing,Price increase announcement,Tell existing clients about a rate change clearly and respectfully.,When you raise rates for retainers or repeat clients.,[OLD RATE] and [NEW RATE] | [EFFECTIVE DATE] | [REASON]: optional,"Write an email informing an existing client that my rate will change from [OLD RATE] to [NEW RATE] effective [EFFECTIVE DATE]. Give appropriate notice as stated in our agreement: [NOTICE TERMS]. Briefly mention [REASON] if provided, without over-justifying. Thank them for the relationship and make it easy to ask questions. Under 140 words, confident and warm.",One email.,Check your agreement's notice terms before sending.,HARD-01
PROP-10,Proposals & Pricing,Contract clause plain-language explainer,Help a client (and you) understand what a clause in your agreement means.,"When a client asks about a clause, or you want to summarize your terms in plain English.",[CLAUSE TEXT],"Explain this clause from my client agreement in plain language for a non-lawyer, in under 120 words: """"""[CLAUSE TEXT]"""""". Then list 2–3 questions a client might ask about it. Don't give legal advice or say whether the clause is enforceable. End with: ""This is a plain-language summary, not legal advice.""","A short explanation, a question list and the disclaimer line.",Have your agreement template reviewed by a qualified professional; this prompt only explains it.,ONB-02
PROP-11,Proposals & Pricing,Proposal self-review checklist,"Catch gaps, vague language and risky promises before sending.",As the last step before any proposal goes out.,[PROPOSAL TEXT],"Review this proposal as a skeptical client and as a careful business owner: """"""[PROPOSAL TEXT]"""""". List: (1) anything vague that could cause a dispute later; (2) promises or guarantees I may not want to make; (3) missing items (payment terms, revisions, timeline dependencies, exclusions, next step); (4) jargon to simplify; (5) the single biggest improvement. Quote the exact text for each issue.",Five numbered sections with quoted text and suggested fixes.,"Fix issues yourself instead of asking AI to rewrite everything, so your voice stays intact.",PROP-01
PROP-12,Proposals & Pricing,Estimate my effort before pricing,Estimate your time on a project so your price reflects real effort.,Before setting a fixed price.,[SCOPE] | [MY PAST TASK TIMES]: how long similar tasks took,"Help me estimate effort for this scope: """"""[SCOPE]"""""". Use my past task times as the baseline: """"""[MY PAST TASK TIMES]"""""". Break the work into tasks, estimate hours for each (low / likely / high), add time for communication, revisions and project management, and total them. Flag tasks where you had to guess because I gave no baseline. Don't convert hours into a price.","A task table (Task, Low, Likely, High, Basis) with totals and flagged guesses.","Multiply the likely total by your own rate, then sanity-check against the ""high"" total.","DISC-07, PROP-02"
ONB-01,Onboarding,Welcome email,Start the project with clear next steps and expectations.,As soon as a client says yes.,"[BUSINESS BRIEF] and [VOICE PROFILE] | [PROJECT, TIMELINE, LINKS]","Using my business brief and voice profile [PASTE], write a welcome email for a new client (redacted details: """"""[PROJECT, TIMELINE, LINKS]""""""). Include: a warm opening that references the project; a numbered ""what happens next"" list (agreement, deposit, questionnaire link, kickoff booking link); my communication norms from the brief; and a friendly close. Under 220 words. Use only the links and dates I provide. Use [NEED INFO] for anything missing.","One email with a numbered next-steps list, under 220 words.","Save the result as a template, since only the first line and links change per client.","ONB-03, SET-07"
ONB-02,Onboarding,Agreement summary email,"Send the agreement with a short, friendly summary of key terms.",When sending your contract for signature.,"[KEY TERMS]: scope, fee, payment schedule, revisions, cancellation | [SIGNING LINK]","Write a short email sending my client agreement for signature ([SIGNING LINK]). Summarize the key terms in 4–6 plain-language bullets based only on: """"""[KEY TERMS]"""""". Invite questions before they sign, and mention that work starts once the agreement and deposit are complete. Under 150 words. Don't add terms that aren't in my list.",One email with a bullet summary.,The summary helps clients read the agreement. It doesn't replace it.,PROP-10
ONB-03,Onboarding,Intake questionnaire builder,Collect everything you need from a new client in one form.,When setting up onboarding for each service type.,[PROFESSION] | [PROJECT TYPE],"I'm a [PROFESSION] starting a [PROJECT TYPE] for a client. Create an intake questionnaire of 10–15 questions grouped under: Goals & success measures; Audience/customers; Brand & preferences; Content & assets they'll provide; Access & logistics; Communication & approvals. For each question, note why I need it (one line) and mark it Required or Optional. Avoid questions I could answer myself from their website. End with a ""Anything else we should know?"" question.",Grouped questions with purpose notes and Required/Optional labels.,Build it in a form tool so answers land in a spreadsheet.,ONB-01
ONB-04,Onboarding,Client onboarding document,"Create a single ""everything you need to know"" document for new clients.",Once per service; share a copy with every new client.,[BUSINESS BRIEF] | [PROCESS STEPS] | [FAQ],"Create a client onboarding document (under 600 words) from my business brief """"""[BUSINESS BRIEF]"""""", my process """"""[PROCESS STEPS]"""""" and my FAQ """"""[FAQ]"""""". Sections: Welcome; How the project works (numbered phases); What I need from you and when; How we'll communicate; Feedback & approvals; Payments; Frequently asked questions; Who to contact. Friendly, scannable, second person (""you"").",A Markdown document with eight headed sections.,Export it as a PDF and link it in the welcome email.,"SET-06, SET-07"
ONB-05,Onboarding,Kickoff call agenda,Run a focused kickoff meeting that sets the project up well.,When scheduling the kickoff call.,[PROJECT] | [QUESTIONNAIRE ANSWERS]: summarized | [CALL LENGTH],"Create a [CALL LENGTH]-minute kickoff call agenda for [PROJECT]. Use the client's questionnaire answers (redacted) """"""[QUESTIONNAIRE ANSWERS]"""""" to list: items to confirm, open questions to resolve, decisions needed, and risks to discuss. Include timings for each agenda item, and end with ""agree next steps & dates"". Also write a 3-sentence email to send the agenda in advance.",A timed agenda plus a short cover email.,Share the agenda 24 hours before so the client arrives prepared.,DEL-04
ONB-06,Onboarding,Asset & access request,"Ask for files, logins and access in one clear, secure request.",Right after kickoff.,[ITEMS NEEDED] | [DEADLINE] | [SECURE SHARING METHOD],"Write an email asking a client for the assets and access I need: """"""[ITEMS NEEDED]"""""", by [DEADLINE]. Format as a checklist they can reply to. Explain how to share passwords securely using [SECURE SHARING METHOD] and ask them never to send passwords in plain email. Mention politely that the timeline starts when the items arrive. Under 180 words.",One email with a checklist.,Offer to walk them through access on a quick call if they're not technical.,ONB-05
ONB-07,Onboarding,Project folder & naming convention,Create a consistent file structure for every client.,Once; reuse for every new client.,"[SERVICE] | [TOOLS]: e.g., Google Drive, Dropbox","Design a simple folder structure and file-naming convention for [SERVICE] projects stored in [TOOLS]. Include: top-level folders (max 7), what goes in each, a naming pattern for files with a date and version (e.g., YYYY-MM-DD_Client_Deliverable_v01), and rules for archiving when a project ends. Keep it simple enough to follow on a busy day.","A folder tree, a naming pattern with 3 examples, and 3 archiving rules.",Save a template folder and copy it for each new client.,OPS-01
ONB-08,Onboarding,Expectations reset for a new client,Gently re-establish norms when a new client starts off with unrealistic expectations.,"Early in a project, when a client expects instant replies or unlimited revisions.",[SITUATION] | [AGREED TERMS],"A new client is expecting more than we agreed. Situation (redacted): """"""[SITUATION]"""""". Our agreed terms: """"""[AGREED TERMS]"""""". Write a friendly email that restates how we'll work (response times, revision rounds, channels), explains the benefit to them, and proposes a practical way forward. No blame, under 160 words, in my voice [VOICE PROFILE].",One email.,Do this early. Resetting expectations in week one is far easier than in week eight.,"SET-07, HARD-02"
ONB-09,Onboarding,Onboarding checklist tailored to a service,Turn the generic onboarding checklist into one that fits your exact service.,Once per service.,"[SERVICE] | [TOOLS] | [CURRENT STEPS]: what you do now, even if messy","Here's how I currently onboard clients for [SERVICE] using [TOOLS]: """"""[CURRENT STEPS]"""""". Turn it into a clean onboarding checklist in the order steps should happen, grouped into: Paperwork & payment; Welcome & information; Setup; Kickoff. Mark steps that can use a saved template (T) or could be automated later (A). Point out missing steps common in [SERVICE] projects.","A grouped checklist with T/A markers and a short ""missing steps"" list.",Copy the result into your SOP library (OPS-01).,OPS-01
ONB-10,Onboarding,First-week check-in message,Reassure a new client and surface issues early.,At the end of the first week of a project.,[PROGRESS SO FAR] | [NEXT STEPS],"Write a short end-of-first-week message to a new client. Progress so far: """"""[PROGRESS SO FAR]"""""". Coming up: """"""[NEXT STEPS]"""""". Ask one question that invites honest feedback about how things are going so far. Under 110 words, warm and specific, in my voice [VOICE PROFILE].",One short email or message.,Log any concerns they raise in the Notes column of your tracker.,DEL-01
DEL-01,Delivery & Client Communication,Weekly client update,Turn rough notes into a clear five-minute weekly update.,Every week for each active client.,[NOTES]: bullets you jotted during the week (redacted) | [VOICE PROFILE],"Turn my rough notes into a weekly client update using this structure: Done this week / Next week / Needed from you (with dates) / Risks or decisions. Notes (redacted): """"""[NOTES]"""""". Keep it under 150 words, in my voice [VOICE PROFILE]. If my notes mention a delay, state it plainly with the new expected date. Don't soften it into vagueness, and don't invent reasons.",A four-part update email under 150 words.,"Keep a running notes file per client during the week, since it makes this a two-minute job.","DEL-04, DEL-02"
DEL-02,Delivery & Client Communication,Delay notification,"Tell a client about a delay early, honestly and with a plan.",As soon as you know a milestone will slip.,[MILESTONE] | [ORIGINAL DATE] and [NEW DATE] | [REASON] | [WHAT I'M DOING ABOUT IT],"Write an email telling a client that [MILESTONE] will move from [ORIGINAL DATE] to [NEW DATE]. Reason (share appropriately): [REASON]. What I'm doing about it: [WHAT I'M DOING ABOUT IT]. Structure: the news first, one sentence of context, the plan, the impact on later milestones, and whether they need to do anything. Take responsibility where it's mine, no excessive apology, under 150 words, in my voice [VOICE PROFILE].",One email.,Delays reported early damage trust far less than delays discovered late.,DEL-01
DEL-03,Delivery & Client Communication,Consolidated feedback request,"Get one clear, consolidated round of feedback instead of scattered comments.",When sharing a draft or milestone for review.,[DELIVERABLE] | [REVIEW LINK] | [FEEDBACK DEADLINE] | [QUESTIONS I NEED ANSWERED],"Write an email sharing [DELIVERABLE] for review ([REVIEW LINK]). Ask for one consolidated set of feedback by [FEEDBACK DEADLINE], gathered from everyone on their side. Guide their review with these questions: [QUESTIONS I NEED ANSWERED]. Explain the difference between ""must change"" and ""nice to have"" and ask them to label comments that way. Mention what's in scope for this round per our agreement: [REVISION TERMS]. Under 170 words.",One email with numbered review questions.,"Specific review questions produce more useful feedback than ""what do you think?""",DEL-05
DEL-04,Delivery & Client Communication,Meeting notes → summary & action items,"Turn meeting notes or a transcript into decisions, actions and a follow-up email.",After every client meeting.,[NOTES]: notes or transcript (redacted; recorded only with consent),"Here are notes or a transcript from a client meeting (redacted): """"""[NOTES]"""""". Produce: (1) a 3-sentence summary; (2) decisions made; (3) action items as a table with Owner, Task, Due date (write ""TBC"" if no date was agreed; don't invent dates); (4) open questions. Then draft a short follow-up email to the client that confirms decisions and action items.","Summary, decisions list, action table, open questions, then a follow-up email.",Send the follow-up the same day. It becomes the record if memories differ later.,DEL-01
DEL-05,Delivery & Client Communication,Feedback triage,"Sort messy client feedback into clear, in-scope actions.","When feedback arrives as a long email, many comments or conflicting opinions.",[FEEDBACK] | [AGREED SCOPE],"Sort this client feedback (redacted) """"""[FEEDBACK]"""""" against our agreed scope """"""[AGREED SCOPE]"""""". Output a table with: Comment (paraphrased), Type (fix / change / new request / question / conflict), In scope? (yes / no / unclear), Proposed action. Then list conflicting comments that need the client to decide, and draft 2–3 clarifying questions to send back.","A triage table, a conflicts list and 2–3 clarifying questions.",Out-of-scope items go to DEL-07 before any work starts.,"DEL-07, DEL-03"
DEL-06,Delivery & Client Communication,Status report for a longer project,"Give stakeholders a clear monthly view of progress, budget and risks.",Monthly on projects longer than six weeks or with several stakeholders.,[MILESTONES AND STATUS] | [BUDGET USED]: if applicable | [RISKS],"Create a one-page monthly status report from: milestones & status """"""[MILESTONES AND STATUS]""""""; budget/time used """"""[BUDGET USED]""""""; risks """"""[RISKS]"""""". Sections: Overall status (On track / At risk / Off track, with one-line reason); Milestones (table); Budget/time; Risks & mitigations; Decisions needed from the client; Next month. Use only my data. If a status can't be determined, say so.",A one-page report with six sections.,"Send before a short monthly call, not instead of one.",DEL-01
DEL-07,Delivery & Client Communication,Scope change request email,"Quote extra work before doing it, without awkwardness.",Whenever a request falls outside the agreed scope.,[SCOPE] | [REQUEST] | [PRICE / TIME IMPACT I'LL PROVIDE],"A client asked for something outside our agreed scope. Agreed scope: """"""[SCOPE]"""""". Their request: """"""[REQUEST]"""""". Draft a friendly, confident email that: thanks them for the idea; notes it's outside the current scope (without blaming); offers 2 options, (a) add it now for [PRICE / TIME IMPACT I'LL PROVIDE] or (b) park it for a later phase; and asks them to confirm which option they prefer before I start. Under 170 words, in my voice.",One email with two clearly labeled options.,Log approved changes in writing (email is fine) before starting the work.,"PROP-06, DEL-05"
DEL-08,Delivery & Client Communication,Approval request for a milestone,Get explicit sign-off before moving to the next phase.,At the end of each phase or milestone.,[MILESTONE] | [WHAT WAS DELIVERED] | [NEXT PHASE],"Write an email asking the client to formally approve [MILESTONE]. Summarize what was delivered: """"""[WHAT WAS DELIVERED]"""""". Explain what approval means (we move to [NEXT PHASE]; later changes to this milestone may be treated as new requests per our agreement: [CHANGE TERMS]). Ask them to reply ""Approved"" or list remaining must-change items by [DATE]. Under 150 words, clear and friendly.",One email with a clear reply instruction.,"If an invoice is tied to this milestone, send it right after approval.",PAY-01
DEL-09,Delivery & Client Communication,Handling a vague request,Clarify an unclear client request before spending time on it.,"When a client asks for something like ""make it pop"" or ""can you look at the site?""",[REQUEST] | [PROJECT CONTEXT],"A client sent a vague request: """"""[REQUEST]"""""". Project context: """"""[PROJECT CONTEXT]"""""". Write a short reply that shows willingness to help and asks 2–3 specific questions (with example answers they can pick from) so I can understand exactly what they want. Under 100 words, in my voice [VOICE PROFILE].",One short reply with multiple-choice style questions.,Offering example answers speeds up replies from busy clients.,DEL-05
DEL-10,Delivery & Client Communication,Out-of-office / capacity notice,Tell clients about time off or reduced availability in advance.,1–2 weeks before holidays or planned time off.,[DATES] | [COVERAGE]: what happens while you're away | [DEADLINES AFFECTED],"Write an advance notice to clients that I'll be away [DATES]. What happens meanwhile: [COVERAGE]. Deadlines affected: [DEADLINES AFFECTED]. Ask them to send anything they need from me before [CUTOFF DATE]. Also write a matching 2-sentence auto-reply. Friendly, under 130 words total for the email.",One advance-notice email plus an auto-reply.,Add the cutoff date to each client's next action in your tracker.,DEL-01
DEL-11,Delivery & Client Communication,Explaining a technical issue simply,Explain a technical problem to a non-technical client without jargon.,When something breaks or a technical constraint affects the project.,[TECHNICAL DETAILS] | [IMPACT ON CLIENT] | [OPTIONS],"Explain this technical issue to a non-technical client: """"""[TECHNICAL DETAILS]"""""". Impact on them: [IMPACT ON CLIENT]. Options: [OPTIONS]. Use a short everyday analogy if helpful, avoid jargon (or define it once), state what I recommend and why, and what I need them to decide. Under 180 words. Don't overstate certainty. If I haven't confirmed a cause, say it's the likely cause.",One email with a clear recommendation and decision request.,"Check the analogy isn't misleading, since simple shouldn't mean inaccurate.",DEL-02
DEL-12,Delivery & Client Communication,Presentation outline for a deliverable,"Present your work in a way that frames decisions, not opinions.","Before presenting a design, strategy or report to a client.",[DELIVERABLE] | [CLIENT GOALS] | [KEY DECISIONS],"Create an outline for presenting [DELIVERABLE] to a client in 20 minutes. Their goals: """"""[CLIENT GOALS]"""""". Key decisions I made and why: """"""[KEY DECISIONS]"""""". Structure: recap of goals; walkthrough linking each decision to a goal; what I considered and rejected; questions to guide their feedback; next steps. Include timings.",A timed outline with speaking notes per section.,"Tying each decision to a stated goal reduces ""I just don't like it"" feedback.",DEL-03
DEL-13,Delivery & Client Communication,Thread summarizer,Catch up on a long email thread quickly and see what's actually needed.,"When returning to a project after time away, or a thread gets long.",[THREAD]: redacted email thread,"Summarize this email thread (redacted) """"""[THREAD]"""""" for me in: (1) 5 bullet summary; (2) decisions made, with who made them and when; (3) open questions and who owes an answer; (4) commitments I made; (5) suggested next reply in one or two sentences. Quote key phrases where precision matters.",Five labeled sections.,Verify commitments against the original emails before acting on them.,DEL-04
DEL-14,Delivery & Client Communication,Client check-in on a quiet project,Re-engage a client who has gone quiet mid-project.,When you're waiting on client input past its due date.,[WHAT I'M WAITING FOR] | [ORIGINAL DUE DATE] | [IMPACT ON TIMELINE],"A client hasn't sent [WHAT I'M WAITING FOR], which was due [ORIGINAL DUE DATE]. Write a friendly nudge that restates what's needed, explains the timeline impact ([IMPACT ON TIMELINE]), and offers an easy way forward (e.g., a 15-minute call, or a simplified version of what I need). Under 110 words, no guilt, in my voice [VOICE PROFILE].",One short email.,"If two nudges get no answer, pause the project in writing per your agreement.",HARD-04
PAY-01,Invoicing & Getting Paid,Invoice email,"Send an invoice with a short, clear cover message.",Every time you send an invoice.,"[INVOICE NUMBER], [AMOUNT], [DUE DATE], [PAYMENT LINK] | [WHAT IT COVERS]","Write a short email to accompany invoice [INVOICE NUMBER] for [AMOUNT], covering [WHAT IT COVERS], due [DUE DATE]. Include the payment link [PAYMENT LINK], a one-line thank-you tied to the work, and a note to reply if anything looks wrong. Under 80 words.",One short email with subject line.,Put the invoice number and due date in the subject line.,PAY-02
PAY-02,Invoicing & Getting Paid,Payment reminder sequence personalizer,"Send the right reminder, at the right stage, in the right tone.",For any unpaid invoice approaching or past its due date.,"[RELATIONSHIP], [INVOICE NUMBER], [AMOUNT], [DATE], [X] days overdue, previous reminders | [RELEVANT TERMS]: from your agreement","I need to send a payment reminder. Context (redacted): client relationship [NEW / LONG-TERM / DIFFICULT], invoice [NUMBER] for [AMOUNT], due [DATE], currently [X] days overdue, previous reminders sent: [LIST]. My agreement says: """"""[RELEVANT TERMS]"""""". Draft the next reminder at stage [A/B/C/D/E]. Keep the tone [FRIENDLY / FIRM / FORMAL] and under 120 words, in my voice [VOICE PROFILE]. Only mention fees or consequences that appear in my agreement text. Include the payment link placeholder [LINK].",One reminder email with subject line.,The Client Desk workbook tells you which stage (A–E) is due for each invoice.,"PAY-03, PAY-04"
PAY-03,Invoicing & Getting Paid,Payment plan offer,Offer a structured way for a struggling client to pay.,When a client says they can't pay in full right now.,[BALANCE] | [PLAN I'M WILLING TO OFFER],"A client can't pay the full balance of [BALANCE] right now. Write an email offering this plan: [PLAN I'M WILLING TO OFFER] (e.g., three payments on specific dates). Ask them to confirm in writing, state what happens to ongoing work during the plan per my terms [TERMS], and keep a supportive, practical tone. Under 150 words.",One email with the payment schedule as a short list.,Get the plan confirmed in writing and track each payment separately.,PAY-02
PAY-04,Invoicing & Getting Paid,Final notice (per your agreement),Send a formal final notice that states agreed next steps.,About 30 days overdue after earlier reminders.,[INVOICE DETAILS] | [HISTORY]: reminders sent and dates | [NEXT STEP FROM AGREEMENT],"Write a formal but courteous final notice for invoice [INVOICE DETAILS]. History of reminders: [HISTORY]. State the final payment date [FINAL DATE] and the next step exactly as my agreement describes it: [NEXT STEP FROM AGREEMENT]. Don't threaten anything outside my agreement or the law, and don't add fees I haven't listed. Invite them to contact me today to resolve it. Under 150 words.",One formal email.,"Before escalating (collections, small claims), check the rules that apply where you and the client are.",PAY-02
PAY-05,Invoicing & Getting Paid,Payment terms section for proposals,"Write clear, fair payment terms in plain language.",When creating or updating your proposal template.,"[TERMS I'VE DECIDED]: deposit, schedule, due days, methods, late policy","Turn these payment terms into a clear ""Payment terms"" section for my proposals: """"""[TERMS I'VE DECIDED]"""""". Use short bullets: deposit, schedule, due dates, how to pay, what happens if payment is late (only what I specified), and refunds/cancellation if provided. Plain language, no legalese, under 130 words. Add a note reminding me to confirm the terms match my signed agreement.",A headed bullet list plus a note to me.,Your agreement is the source of truth. This section summarizes it.,PROP-01
PAY-06,Invoicing & Getting Paid,Deposit request,Request a deposit clearly so the project can start.,Immediately after a proposal is accepted.,"[DEPOSIT AMOUNT], [DUE DATE], [PAYMENT LINK] | [START DATE]","Write a short, upbeat email requesting the project deposit of [DEPOSIT AMOUNT] via [PAYMENT LINK], due [DUE DATE], so we can start on [START DATE]. Explain in one sentence what the deposit secures (e.g., reserved time in my schedule). Under 90 words.",One short email.,"Hold your start date only once the deposit arrives, and say so kindly.",ONB-01
PAY-07,Invoicing & Getting Paid,Monthly money review,"Get a quick picture of invoicing, collections and upcoming cash.","Monthly, during your weekly review nearest month-end.","[INVOICE EXPORT]: number, client, issue date, due date, amount, paid, paid date (redacted)","Analyze my invoices (redacted) """"""[INVOICE EXPORT]"""""". Report: total invoiced this month; total collected; outstanding and overdue totals; average days to payment for paid invoices; clients who paid late more than once; invoices due in the next 30 days. Suggest up to 3 practical changes (e.g., deposits, milestone billing). Use only the data provided and show your calculations.","A short summary with a small table, calculations and up to 3 suggestions.",Check AI arithmetic against your spreadsheet totals.,OPS-06
PAY-08,Invoicing & Getting Paid,Payment received thank-you,Confirm payment and strengthen the relationship.,"When a payment arrives, especially after reminders.","[INVOICE NUMBER], [AMOUNT] | [NEXT STEP]","Write a short thank-you confirming receipt of payment for invoice [INVOICE NUMBER] ([AMOUNT]). Mention the next step [NEXT STEP] if there is one. If this followed reminders, keep it gracious with no reference to lateness. Under 60 words.",One brief message.,Mark the invoice as paid in your tracker the same day.,PAY-01
RET-01,"Offboarding, Testimonials & Referrals",Project wrap-up & handover email,Close a project cleanly with everything the client needs.,When final deliverables are approved.,[DELIVERABLES AND WHERE THEY ARE] | [ACCESS CHANGES] | [SUPPORT TERMS],"Write a project wrap-up email: thank the client; list final deliverables and where to find them """"""[DELIVERABLES AND WHERE THEY ARE]""""""; access changes """"""[ACCESS CHANGES]""""""; what support is included afterwards per """"""[SUPPORT TERMS]""""""; how to reach me for future work; and a note that the final invoice (if any) follows separately. Under 200 words, warm and organized.",One email with short sections.,Attach or link a one-page handover document (RET-03).,"RET-03, RET-02"
RET-02,"Offboarding, Testimonials & Referrals",Testimonial request with specific questions,"Get an honest, useful testimonial with permission to use it.",A few days after a successful project ends.,[PROJECT] | [VOICE PROFILE],"Draft a short email asking a client for a testimonial after we finished [PROJECT]. Make it easy: offer 3 optional questions (What was the situation before? What was it like working together? What changed afterwards?); say it can be 2–3 sentences; ask permission to publish it with their name and business (or anonymously, their choice); and say I'll send them the final wording to approve before it appears anywhere. Under 140 words, in my voice [VOICE PROFILE].",One email with three optional questions.,"Never edit a testimonial in a way that changes its meaning, and keep the permission email on file.",RET-04
RET-03,"Offboarding, Testimonials & Referrals",Handover document,Give clients a one-page guide to what you delivered and how to maintain it.,At the end of any project that the client will maintain.,[DELIVERABLES] | [HOW-TO NOTES] | [ACCOUNTS AND ACCESS]: no passwords,"Create a one-page handover document for the client from: deliverables """"""[DELIVERABLES]""""""; how-to notes """"""[HOW-TO NOTES]""""""; accounts and access (no passwords) """"""[ACCOUNTS AND ACCESS]"""""". Sections: What you have; Where everything lives; How to do common tasks (numbered steps); What to avoid; When to get help; Contacts. Plain language for a non-expert.",A one-page document with six headed sections.,"Keep a copy in your project archive, since it's useful if they come back later.",RET-01
RET-04,"Offboarding, Testimonials & Referrals",Testimonial tidy-up (with approval),Lightly edit a testimonial for length and clarity without changing its meaning.,When a client's testimonial is long or rambling.,[ORIGINAL TESTIMONIAL] | [TARGET LENGTH],"Here is a client's testimonial: """"""[ORIGINAL TESTIMONIAL]"""""". Suggest a shortened version of about [TARGET LENGTH] words that keeps their words and meaning. Only cut; don't add claims, adjectives or results they didn't state. Show what you removed. Then draft a one-line message asking the client to approve the shortened version before I publish it.","The shortened testimonial, a list of cuts, and an approval request.",Only publish the version the client approves in writing.,RET-02
RET-05,"Offboarding, Testimonials & Referrals",Referral ask after a great project,Ask a happy client for introductions at the right moment.,When a client expresses satisfaction at the end of a project.,[WHAT WENT WELL] | [IDEAL REFERRAL],"A client just told me they're happy with the project ([WHAT WENT WELL]). Write a short message thanking them and asking if they know anyone like [IDEAL REFERRAL] who might need similar help. Include a 2-sentence forwardable blurb about me. No pressure, under 110 words, in my voice [VOICE PROFILE].",One message plus a forwardable blurb.,"Thank anyone who refers you, whether or not the referral becomes a client.",LEAD-04
RET-06,"Offboarding, Testimonials & Referrals",90-day check-in,Stay in touch after a project without selling.,About 90 days after a project ends.,[PROJECT] | [ONE USEFUL TIP]: relevant to what you delivered,"Write a friendly 90-day check-in to a past client about [PROJECT]. Ask how it's working for them, share one useful tip related to what I delivered: [ONE USEFUL TIP], and mention I'm around if they need anything, without a sales pitch. Under 100 words, in my voice [VOICE PROFILE].",One short email.,The Client Desk calculates this date automatically for past clients.,RET-07
RET-07,"Offboarding, Testimonials & Referrals",Client feedback survey,Learn what to improve from finished projects.,Sent with or after the wrap-up email.,[SERVICE],"Create a short feedback survey (5–6 questions, under 3 minutes) for clients who finished a [SERVICE] project. Include: an overall rating; what worked best; what could have been better; how communication felt; likelihood to recommend (0–10); and permission to follow up. Use neutral wording that doesn't lead them toward positive answers.",A numbered question list with answer types.,"Read every response, and log patterns in your weekly review.",OPS-05
RET-08,"Offboarding, Testimonials & Referrals",Win-back message to a past client,Reconnect with a past client when you have something genuinely relevant.,When you launch a new service or have availability relevant to a past client.,[PAST PROJECT] | [RELEVANT OFFER OR IDEA],"Write a message to a past client (we worked on [PAST PROJECT]) mentioning [RELEVANT OFFER OR IDEA] and why it might be useful for them specifically. Make it easy to say ""not now"". No discounts unless I specify one, no false urgency, under 120 words, in my voice [VOICE PROFILE].",One short email.,Only send when the offer genuinely fits them; generic win-back emails feel like spam.,RET-06
MKT-01,Content & Marketing,One idea → a week of posts,Repurpose one piece of expertise into several platform-appropriate posts.,"Weekly content batching for LinkedIn, Instagram, Threads or similar.","[CORE IDEA]: a lesson, opinion or how-to from your work | [PLATFORMS] | [VOICE PROFILE]","Turn this idea from my work into posts for [PLATFORMS]: """"""[CORE IDEA]"""""". Create: 1 short how-to post, 1 opinion/lesson post, 1 checklist post, 1 myth-vs-reality post, and 1 question post that invites replies. Each must stand alone, match the platform's style and length norms, and sound like my voice [VOICE PROFILE]. No invented statistics, client stories or results. If a claim needs a source, write [SOURCE NEEDED].","Five labeled posts, each with a suggested hook line.",Add one real detail from your own experience to each post before publishing.,"MKT-02, MKT-03"
MKT-02,Content & Marketing,Hook generator,Write scroll-stopping first lines that are honest.,For posts and short videos.,[TOPIC] | [AUDIENCE],"Write 12 opening hooks (under 15 words each) for content about [TOPIC] for [AUDIENCE]. Mix: a specific problem, a surprising-but-true observation, a mistake to avoid, a ""here's exactly how"" promise, and a question. Every hook must be something the content can deliver on. No clickbait, no income claims, no ""nobody talks about this"".","A numbered list of 12 hooks, labeled by type.","Pick the hook after writing the content, not before.","MKT-01, MKT-04"
MKT-03,Content & Marketing,Carousel outline,Structure a swipeable educational carousel.,LinkedIn document posts or Instagram carousels.,[TOPIC] | [KEY STEPS OR POINTS],"Outline a 7–9 slide carousel teaching [TOPIC] using these points: """"""[KEY STEPS OR POINTS]"""""". Slide 1: hook (under 10 words). Slides 2–(n−1): one idea per slide, a headline under 8 words plus up to 25 words of support. Final slide: a recap plus a soft call to action (save, share, or a link in my profile). Also write a 2–3 sentence caption.","Numbered slides with headline/support text, plus a caption.",Design each slide in your brand template before adding any extra text.,MKT-01
MKT-04,Content & Marketing,Short video script (30–45 seconds),"Script a short, useful vertical video.","TikTok, Reels or YouTube Shorts.",[TOPIC] | [ONE PRACTICAL TIP],"Write a 30–45 second vertical video script about [TOPIC], teaching this tip: """"""[ONE PRACTICAL TIP]"""""". Format: Hook (0–3s), Setup (3–10s), Steps or demo (10–35s), Close with one takeaway and a soft CTA (35–45s). Include on-screen text for each section (under 8 words) and a note on what to show (screen recording, face to camera, B-roll). Conversational, no hype, no invented results.","A timed script table (Time, Voiceover, On-screen text, Visual).","Record the voiceover first, then match the visuals to it.",MKT-02
MKT-05,Content & Marketing,Services page draft,Write a clear services page that attracts the right clients.,When creating or refreshing your website.,"[SERVICE MENU]: from SET-05 | [IDEAL CLIENT] | [PROOF]: real testimonials with permission, or none","Draft a services page for my website using my service menu """"""[SERVICE MENU]"""""" for [IDEAL CLIENT]. Structure: headline focused on the client's outcome; who it's for (and not for); services with what's included; how it works (3–5 steps); proof: [PROOF] (use only what I provide; if none, omit the section); FAQs; call to action. Plain language, scannable, under 600 words. Don't invent testimonials, logos, numbers or guarantees.",A page draft with headings and placeholder markers where I must add info.,Replace generic phrases with specifics from your real projects.,SET-05
MKT-06,Content & Marketing,Newsletter issue from my notes,Turn a week of notes into a helpful short newsletter.,Weekly or biweekly newsletters.,"[NOTES]: ideas, lessons, links you want to share | [VOICE PROFILE]","Turn these notes into a short newsletter issue (350–500 words): """"""[NOTES]"""""". Structure: a personal-but-relevant opening (2–3 sentences, no invented anecdotes); one main lesson with steps or an example; 2–3 quick useful links with one-line explanations (use only the links I provided); a single question inviting replies. Suggest 3 subject lines under 45 characters. My voice: [VOICE PROFILE].",Subject line options plus the full issue.,"Replies are a good sign readers find the issue useful, so answer them.",MKT-01
MKT-07,Content & Marketing,LinkedIn profile refresh,Make your profile clearly say who you help and how.,When your positioning changes or your profile feels generic.,[CURRENT HEADLINE AND ABOUT] | [BUSINESS BRIEF],"Rewrite my LinkedIn headline (under 220 characters) and About section (under 1,600 characters) using my business brief """"""[BUSINESS BRIEF]"""""". Current version: """"""[CURRENT HEADLINE AND ABOUT]"""""". Headline: who I help + outcome + how. About: a short hook, who I help, what I do, how I work, one proof point I provided (or none), and a clear call to action. First person, no buzzwords, no invented claims. Give character counts.",A headline and an About section with character counts.,"Confirm the character counts yourself before pasting, since platform limits change.",SET-01
MKT-08,Content & Marketing,Case study post (with permission),Share a client success story truthfully and helpfully.,After a project with a client who agreed to be featured.,[PROJECT NOTES] | [CLIENT-APPROVED QUOTE OR RESULT],"Write a social post telling the story of a project, for other people facing the same problem. Notes: """"""[PROJECT NOTES]"""""". Use only this client-approved quote/result: """"""[CLIENT-APPROVED QUOTE OR RESULT]"""""". Structure: the problem, what we did (3 steps), what changed (only as approved), and one lesson readers can apply. Under 220 words. No exaggeration.",One post with a hook line.,Send the draft to the client for approval before posting.,"PROP-08, RET-02"
MKT-09,Content & Marketing,Content calendar for a month,Plan a month of content around your services and audience questions.,At the start of each month.,[SERVICES] | [AUDIENCE QUESTIONS] | [POSTS PER WEEK] | [PLATFORMS],"Create a 4-week content calendar for [PLATFORMS] at [POSTS PER WEEK] posts per week. My services: [SERVICES]. Questions my audience asks: """"""[AUDIENCE QUESTIONS]"""""". Mix: 60% teaching, 20% behind-the-scenes/process, 10% opinion, 10% offers. For each post: date slot, format, working title, the question it answers, and CTA. Avoid repeating the same topic within two weeks.","A calendar table (Week, Day, Format, Title, Question answered, CTA).",Batch-create one week at a time using MKT-01.,"MKT-01, MKT-06"
MKT-10,Content & Marketing,Lead magnet outline,"Plan a small, genuinely useful freebie that attracts ideal clients.",When building an email list.,"[AUDIENCE PROBLEM] | [FORMAT]: checklist, template, mini-guide","Outline a lead magnet solving this specific problem for my audience: [AUDIENCE PROBLEM]. Format: [FORMAT]. Include: 5 title options; what the reader will be able to do in 15 minutes; a section-by-section outline (max 6 sections); one worksheet or checklist element; how it connects naturally to my paid service or product without a hard sell. Keep it small, specific and quick to use.","Titles, promise, outline, worksheet idea, connection to offer.","A narrow, fast win usually beats a big ebook as a lead magnet.",MKT-06
OPS-01,"Systems, SOPs & Planning",SOP from rough notes,Document a process in minutes.,After doing a task while jotting notes or recording a voice memo.,[NOTES],"Turn my rough notes into an SOP using this template: SOP name, Purpose, Trigger, Time, Tools & templates, Steps (numbered, each starting with a verb, max 12), Done when, Common mistakes, Last reviewed [TODAY'S DATE]. Notes: """"""[NOTES]"""""". Keep my exact tool names and links. Where a step is unclear or seems to be missing, add [CHECK: question] instead of guessing.",A complete SOP in the template's headings.,Log it in the SOP Library tab of The Client Desk with a review date.,OPS-02
OPS-02,"Systems, SOPs & Planning",SOP stress test,Find gaps in an SOP before someone (including future you) relies on it.,"After writing an SOP, or before handing a task to a contractor.",[SOP TEXT],"Act as someone doing this task for the first time with no context. Read this SOP: """"""[SOP TEXT]"""""". List: steps that assume knowledge you don't have; missing tools, links or access; ambiguous words (""soon"", ""update"", ""check""); points where a mistake would be costly and a check is missing; and a suggested fix for each. Don't rewrite the whole SOP.","A table (Issue, Where, Why it matters, Suggested fix).","Fix the top three issues, then mark the SOP as reviewed.",OPS-01
OPS-03,"Systems, SOPs & Planning",Automation opportunity check,"Decide whether a task should be templated, AI-drafted, automated or left alone.",For high-scoring tasks from your admin audit.,"[TASK DESCRIPTION]: steps, frequency, minutes, risk | [TOOLS I HAVE]","Evaluate this task for automation: """"""[TASK DESCRIPTION]"""""". Tools I already have: [TOOLS I HAVE]. Answer: Is it already templated? Is it weekly or more? Is it rule-based? What happens if it fails silently? Then recommend one level: Template, AI draft, Automate, or Keep human, with reasoning. If you recommend automation, outline the trigger, steps, human checkpoint and failure alert using only tools I have or clearly free options, and note any limits I should check.","Four yes/no answers with notes, a recommendation, and an optional automation outline.",Build automation only after the manual version has worked for a few weeks.,OPS-04
OPS-04,"Systems, SOPs & Planning",Automation recipe writer,Write step-by-step instructions to build a simple automation.,When you've decided a task should be automated.,"[TRIGGER], [DESIRED OUTCOME] | [AUTOMATION TOOL]: e.g., Zapier, Make, n8n, or built-in features","Write step-by-step instructions for a beginner to build this automation in [AUTOMATION TOOL]: when [TRIGGER] happens, [DESIRED OUTCOME]. Include: the apps and permissions needed; each step with field mappings; a test plan with sample data; a human checkpoint before anything reaches a client; and what to do if it fails. Tell me which features might require a paid plan so I can check current pricing, and don't state prices.","Numbered build steps, a test plan and failure handling notes.","Tool interfaces change often. If a menu doesn't match, check the tool's current help docs.",OPS-03
OPS-05,"Systems, SOPs & Planning",Weekly admin review assistant,"Run your weekly review faster, with nothing missed.",Every week on your review day.,"[PASTE]: tracker rows, open invoices, next week's calendar (redacted)","Act as my weekly admin review assistant. I'll paste: my client tracker rows (redacted), my open invoices with due dates, and my calendar for next week. Produce: (1) follow-ups due this week, with the template to use; (2) invoice actions by reminder stage; (3) risks (overdue items, client dependencies, deadline clashes); (4) a suggested time-block plan for next week; (5) one improvement to my admin system based on patterns you notice. Ask me questions if something is unclear. Data: """"""[PASTE]""""""",Five labeled sections.,"The Client Desk Dashboard already lists most of this, so paste its tables for a quick summary.","PAY-02, OPS-06"
OPS-06,"Systems, SOPs & Planning",Monthly business review,Reflect on the month with numbers and decide one or two changes.,At month-end.,"[NUMBERS]: revenue invoiced/collected, hours, proposals, pipeline, admin hours | [NOTES]: what went well/badly","Help me run a monthly business review. Numbers: """"""[NUMBERS]"""""". Notes: """"""[NOTES]"""""". Produce: a 5-bullet summary; what the numbers suggest (flag small-sample caveats); what went well to keep; one or two problems to fix, with a concrete action and owner (me) and a date; and a question I should think about before next month. Base conclusions only on what I provided.",A short review with five labeled parts.,Log the decided actions in your tracker with dates.,"OPS-05, LEAD-10"
OPS-07,"Systems, SOPs & Planning",Quarterly planning session,Set a few realistic priorities for the next quarter.,Once per quarter.,[LAST QUARTER RESULTS] | [CAPACITY]: hours per week available | [GOALS],"Facilitate a quarterly planning session for my one-person business. Last quarter: """"""[LAST QUARTER RESULTS]"""""". Capacity: [CAPACITY] hours/week. Goals: """"""[GOALS]"""""". Ask me up to 5 clarifying questions first. Then propose: max 3 priorities, each with a measurable outcome, the first step, and the weekly time it needs; what I should stop or pause to make room; and a simple monthly checkpoint. Keep total time within my capacity.",Clarifying questions first; then a priorities table and a stop/pause list.,"Fewer priorities, finished, beat many half-done.",OPS-06
OPS-08,"Systems, SOPs & Planning",Weekly time-block plan,Protect focused client work and batch admin.,"During your weekly review, for the week ahead.",[DEADLINES AND MEETINGS] | [TASKS] | [ENERGY PATTERNS]: when you do your best focused work,"Build a time-block plan for next week. Fixed commitments: """"""[DEADLINES AND MEETINGS]"""""". Tasks with estimates: """"""[TASKS]"""""". My energy patterns: [ENERGY PATTERNS]. Put deep client work in my best hours, batch admin into two or three short blocks, leave 20% buffer, and schedule my weekly review. Flag anything that doesn't fit and suggest what to move or drop.","A day-by-day schedule table plus a ""doesn't fit"" list.","Treat the buffer as real, because it's what absorbs surprises.",OPS-05
HARD-01,Tough Conversations,Responding to a discount request,"Respond to ""can you do it cheaper?"" while protecting your rate and the relationship.",When a prospect or client asks for a lower price.,"[REQUEST] | [MY OPTIONS]: e.g., reduced scope, phased delivery, payment plan, no change","A client asked for a lower price: """"""[REQUEST]"""""". Draft a reply that acknowledges their budget, restates the value tied to their goals, and offers these options only: [MY OPTIONS]. If I've chosen not to reduce the price, say so kindly and clearly. Under 150 words, confident, no apology spiral, in my voice [VOICE PROFILE].",One email with options as a short list.,Changing scope is usually better than cutting your rate for the same work.,PROP-03
HARD-02,Tough Conversations,Setting a boundary with a demanding client,"Address after-hours messages, urgency creep or disrespectful tone professionally.",When a client repeatedly crosses agreed working norms.,"[BEHAVIOR]: what's been happening, factually | [AGREED NORMS]","A client keeps [BEHAVIOR]. Our agreed norms: """"""[AGREED NORMS]"""""". Draft a calm message that names the pattern factually (no accusations), restates the norm and its benefit to their project, proposes a practical alternative (e.g., a weekly call for urgent items), and invites their input. Under 160 words. Offer a second, firmer version in case the first doesn't work.","Two versions, gentle and firmer.","If a client is abusive, you don't owe them a template. Consider ending the engagement per your agreement.",ONB-08
HARD-03,Tough Conversations,Handling a complaint about your work,Respond to a complaint in a way that de-escalates and solves the problem.,When a client says they're unhappy with a deliverable or service.,[COMPLAINT] | [FACTS]: what actually happened | [WHAT I CAN OFFER],"A client complained: """"""[COMPLAINT]"""""". The facts as I understand them: """"""[FACTS]"""""". What I can offer: [WHAT I CAN OFFER]. Draft a response that: thanks them for telling me; acknowledges their experience without admitting things that aren't accurate; explains briefly what happened; proposes the fix and a timeline; and suggests a short call if helpful. Under 180 words, calm and human. Point out anything in my facts that I should double-check before sending.","One email, then a short list of facts to verify.","Sleep on it before sending, if timing allows.",HARD-04
HARD-04,Tough Conversations,Ending a client relationship professionally,"End an engagement clearly, kindly and according to your agreement.",When a working relationship isn't working for either side.,[REASON]: your private reason; share only what's appropriate | [TERMINATION TERMS]: from your agreement | [HANDOVER PLAN],"Draft a message ending my work with a client. Termination terms from our agreement: """"""[TERMINATION TERMS]"""""". Handover plan: """"""[HANDOVER PLAN]"""""". Share only this reason: [SHAREABLE REASON]. Structure: clear decision; effective date; what I'll complete or hand over and when; final invoice or refund per the agreement; good wishes. Under 170 words, respectful, no blame. Add a reminder for me to check the agreement and, if unsure, get professional advice before sending.",One message plus a reminder note to me.,Keep everything in writing and deliver the handover exactly as promised.,RET-01
